Node,ux_in,uy_in
1,0.0,0.0
2,-7.2,-27.564675
3,-6.827208,-36.564675
4,0.0,0.0
5,-0.0,-30.791883
6,0.372792,-36.191883
